Model,MAE,MSE,RMSE,R2
RandomForest,27.855786029411934,905.9290084380052,30.098654595147693,-6.63895530276275
LSTM,50.295129663804,2647.982327353233,51.45854960405737,-21.32826021989698
